text,label
How did orders vary across regions?,insight_mode
What caused the changes in regions?,insight_mode
Give me insights into shipments performance.,insight_mode
Tell me the key drivers behind customers.,insight_mode
What are the reasons behind marketing fluctuations?,insight_mode
Why did transactions increase last month?,insight_mode
Can you analyze what influenced website traffic?,insight_mode
What are the reasons behind budget fluctuations?,insight_mode
How did transactions vary across regions?,insight_mode
What caused the changes in expenses?,insight_mode
How did orders vary across regions?,insight_mode
Why did customers increase last month?,insight_mode
Tell me the key drivers behind profit.,insight_mode
How did expenses vary across regions?,insight_mode
Give me insights into profit performance.,insight_mode
Give me insights into sales performance.,insight_mode
What caused the changes in website traffic?,insight_mode
Can you analyze what influenced budget?,insight_mode
Can you analyze what influenced transactions?,insight_mode
Give me insights into production costs performance.,insight_mode
What caused the changes in leads?,insight_mode
How did customers vary across regions?,insight_mode
Tell me the key drivers behind production costs.,insight_mode
Tell me the key drivers behind regions.,insight_mode
How did orders vary across regions?,insight_mode
Tell me the key drivers behind revenue.,insight_mode
Explain why revenue dropped in Q2.,insight_mode
Give me insights into sales performance.,insight_mode
Can you analyze what influenced marketing?,insight_mode
Why did sales increase last month?,insight_mode
Can you analyze what influenced orders?,insight_mode
Can you analyze what influenced marketing?,insight_mode
What caused the changes in suppliers?,insight_mode
Can you analyze what influenced expenses?,insight_mode
How did profit vary across regions?,insight_mode
What are the reasons behind orders fluctuations?,insight_mode
Give me insights into growth performance.,insight_mode
How did growth vary across regions?,insight_mode
What caused the changes in leads?,insight_mode
Why did profit increase last month?,insight_mode
Tell me the key drivers behind marketing.,insight_mode
Explain why forecast dropped in Q2.,insight_mode
Tell me the key drivers behind leads.,insight_mode
What are the reasons behind transactions fluctuations?,insight_mode
Can you analyze what influenced sales?,insight_mode
Why did forecast increase last month?,insight_mode
Tell me the key drivers behind production costs.,insight_mode
Tell me the key drivers behind regions.,insight_mode
What caused the changes in shipments?,insight_mode
What caused the changes in budget?,insight_mode
What caused the changes in customers?,insight_mode
Tell me the key drivers behind expenses.,insight_mode
Can you analyze what influenced expenses?,insight_mode
Explain why sales dropped in Q2.,insight_mode
What caused the changes in leads?,insight_mode
Give me insights into revenue performance.,insight_mode
What are the reasons behind conversion rate fluctuations?,insight_mode
What are the reasons behind suppliers fluctuations?,insight_mode
What caused the changes in leads?,insight_mode
How did regions vary across regions?,insight_mode
What caused the changes in profit?,insight_mode
How did conversion rate vary across regions?,insight_mode
Explain why budget dropped in Q2.,insight_mode
What are the reasons behind transactions fluctuations?,insight_mode
Give me insights into marketing performance.,insight_mode
What are the reasons behind expenses fluctuations?,insight_mode
Tell me the key drivers behind marketing.,insight_mode
Can you analyze what influenced leads?,insight_mode
Why did forecast increase last month?,insight_mode
Why did transactions increase last month?,insight_mode
Explain why profit dropped in Q2.,insight_mode
What are the reasons behind production costs fluctuations?,insight_mode
Can you analyze what influenced marketing?,insight_mode
Give me insights into orders performance.,insight_mode
Give me insights into customers performance.,insight_mode
Why did shipments increase last month?,insight_mode
What caused the changes in conversion rate?,insight_mode
Tell me the key drivers behind production costs.,insight_mode
Give me insights into expenses performance.,insight_mode
How did budget vary across regions?,insight_mode
Can you analyze what influenced growth?,insight_mode
How did growth vary across regions?,insight_mode
Can you analyze what influenced website traffic?,insight_mode
What caused the changes in profit?,insight_mode
What are the reasons behind customers fluctuations?,insight_mode
Can you analyze what influenced sales?,insight_mode
What caused the changes in inventory?,insight_mode
Tell me the key drivers behind transactions.,insight_mode
Why did profit increase last month?,insight_mode
Can you analyze what influenced leads?,insight_mode
Give me insights into suppliers performance.,insight_mode
What are the reasons behind website traffic fluctuations?,insight_mode
What caused the changes in budget?,insight_mode
Why did customers increase last month?,insight_mode
Why did production costs increase last month?,insight_mode
Give me insights into expenses performance.,insight_mode
Why did customers increase last month?,insight_mode
What caused the changes in inventory?,insight_mode
Why did revenue increase last month?,insight_mode
Explain why inventory dropped in Q2.,insight_mode
What caused the changes in forecast?,insight_mode
How did leads vary across regions?,insight_mode
Can you analyze what influenced revenue?,insight_mode
Give me insights into marketing performance.,insight_mode
Give me insights into customers performance.,insight_mode
What are the reasons behind sales fluctuations?,insight_mode
Tell me the key drivers behind website traffic.,insight_mode
Explain why shipments dropped in Q2.,insight_mode
Tell me the key drivers behind website traffic.,insight_mode
What are the reasons behind shipments fluctuations?,insight_mode
What caused the changes in conversion rate?,insight_mode
What are the reasons behind website traffic fluctuations?,insight_mode
What caused the changes in regions?,insight_mode
Can you analyze what influenced regions?,insight_mode
Tell me the key drivers behind inventory.,insight_mode
Explain why transactions dropped in Q2.,insight_mode
What are the reasons behind inventory fluctuations?,insight_mode
Give me insights into shipments performance.,insight_mode
What caused the changes in transactions?,insight_mode
What caused the changes in sales?,insight_mode
Explain why leads dropped in Q2.,insight_mode
Tell me the key drivers behind profit.,insight_mode
How did profit vary across regions?,insight_mode
What are the reasons behind conversion rate fluctuations?,insight_mode
Explain why website traffic dropped in Q2.,insight_mode
Why did marketing increase last month?,insight_mode
Why did marketing increase last month?,insight_mode
Tell me the key drivers behind website traffic.,insight_mode
What are the reasons behind budget fluctuations?,insight_mode
What are the reasons behind suppliers fluctuations?,insight_mode
Can you analyze what influenced regions?,insight_mode
Tell me the key drivers behind budget.,insight_mode
Explain why expenses dropped in Q2.,insight_mode
Give me insights into revenue performance.,insight_mode
What are the reasons behind profit fluctuations?,insight_mode
Give me insights into conversion rate performance.,insight_mode
What are the reasons behind revenue fluctuations?,insight_mode
Tell me the key drivers behind production costs.,insight_mode
Give me insights into production costs performance.,insight_mode
Give me insights into shipments performance.,insight_mode
Tell me the key drivers behind revenue.,insight_mode
Why did conversion rate increase last month?,insight_mode
Can you analyze what influenced conversion rate?,insight_mode
What are the reasons behind suppliers fluctuations?,insight_mode
Can you analyze what influenced suppliers?,insight_mode
What are the reasons behind suppliers fluctuations?,insight_mode
What caused the changes in website traffic?,insight_mode
Tell me the key drivers behind budget.,insight_mode
How did forecast vary across regions?,insight_mode
Can you analyze what influenced inventory?,insight_mode
Give me insights into regions performance.,insight_mode
Give me insights into forecast performance.,insight_mode
What are the reasons behind expenses fluctuations?,insight_mode
Explain why inventory dropped in Q2.,insight_mode
Explain why profit dropped in Q2.,insight_mode
Can you analyze what influenced expenses?,insight_mode
Explain why expenses dropped in Q2.,insight_mode
Explain why shipments dropped in Q2.,insight_mode
Tell me the key drivers behind website traffic.,insight_mode
How did regions vary across regions?,insight_mode
Explain why marketing dropped in Q2.,insight_mode
How did conversion rate vary across regions?,insight_mode
Why did transactions increase last month?,insight_mode
Can you analyze what influenced budget?,insight_mode
Give me insights into growth performance.,insight_mode
Can you analyze what influenced conversion rate?,insight_mode
What caused the changes in production costs?,insight_mode
Explain why marketing dropped in Q2.,insight_mode
What are the reasons behind profit fluctuations?,insight_mode
What are the reasons behind growth fluctuations?,insight_mode
Can you analyze what influenced orders?,insight_mode
How did suppliers vary across regions?,insight_mode
Give me insights into transactions performance.,insight_mode
What caused the changes in inventory?,insight_mode
Can you analyze what influenced suppliers?,insight_mode
Why did regions increase last month?,insight_mode
Why did growth increase last month?,insight_mode
Why did transactions increase last month?,insight_mode
Why did sales increase last month?,insight_mode
What caused the changes in revenue?,insight_mode
Explain why growth dropped in Q2.,insight_mode
What are the reasons behind expenses fluctuations?,insight_mode
Explain why transactions dropped in Q2.,insight_mode
Tell me the key drivers behind customers.,insight_mode
Give me insights into shipments performance.,insight_mode
Tell me the key drivers behind budget.,insight_mode
What are the reasons behind profit fluctuations?,insight_mode
What are the reasons behind transactions fluctuations?,insight_mode
What are the reasons behind website traffic fluctuations?,insight_mode
What are the reasons behind revenue fluctuations?,insight_mode
What caused the changes in suppliers?,insight_mode
Explain why production costs dropped in Q2.,insight_mode
How did website traffic vary across regions?,insight_mode
Give me insights into expenses performance.,insight_mode
How did production costs vary across regions?,insight_mode
Can you analyze what influenced orders?,insight_mode
Tell me the key drivers behind profit.,insight_mode
Why did production costs increase last month?,insight_mode
Tell me the key drivers behind revenue.,insight_mode
How did inventory vary across regions?,insight_mode
